tournament_id,tournament_name,match_id,match_opponent,match_created_at,point_id,point_seq,point_offense_dir,pass_id,pass_seq,x1,y1,x2,y2,pass_direction,is_turnover,comment,pass_created_at
3,Toms Tourney,3,Thac,2026-05-04 20:10:37,2,1,right,15,1,55.9,356.4,89.9,205.0,right,0,,2026-05-04 20:19:01
3,Toms Tourney,3,Thac,2026-05-04 20:10:37,2,1,right,16,2,89.9,205.0,167.8,364.0,right,0,,2026-05-04 20:19:10
3,Toms Tourney,3,Thac,2026-05-04 20:10:37,2,1,right,17,3,167.8,364.0,289.5,422.2,right,0,,2026-05-04 20:19:14
3,Toms Tourney,3,Thac,2026-05-04 20:10:37,2,1,right,18,4,289.5,422.2,262.1,291.7,right,0,,2026-05-04 20:19:21
3,Toms Tourney,3,Thac,2026-05-04 20:10:37,2,1,right,22,5,262.1,291.7,345.4,77.9,right,0,,2026-05-04 20:20:09
3,Toms Tourney,3,Thac,2026-05-04 20:10:37,2,1,right,24,6,345.4,77.9,514.3,75.7,right,0,,2026-05-04 20:20:27
3,Toms Tourney,3,Thac,2026-05-04 20:10:37,2,1,right,25,7,514.3,75.7,925.4,278.5,right,0,,2026-05-04 20:20:32
3,Toms Tourney,3,Thac,2026-05-04 20:10:37,3,2,right,26,1,95.4,388.2,174.3,219.3,right,0,,2026-05-04 20:22:13
3,Toms Tourney,3,Thac,2026-05-04 20:10:37,3,2,right,27,2,174.3,219.3,250.0,380.5,right,0,,2026-05-04 20:22:23
3,Toms Tourney,3,Thac,2026-05-04 20:10:37,3,2,right,28,3,250.0,380.5,366.2,415.6,right,0,,2026-05-04 20:22:32
3,Toms Tourney,3,Thac,2026-05-04 20:10:37,3,2,right,30,4,366.2,415.6,299.3,314.7,right,0,,2026-05-04 20:22:49
3,Toms Tourney,3,Thac,2026-05-04 20:10:37,3,2,right,31,5,299.3,314.7,468.2,432.0,right,0,,2026-05-04 20:23:17
3,Toms Tourney,3,Thac,2026-05-04 20:10:37,3,2,right,32,6,468.2,432.0,537.3,60.3,right,0,,2026-05-04 20:23:24
3,Toms Tourney,3,Thac,2026-05-04 20:10:37,3,2,right,33,7,537.3,60.3,491.2,231.4,right,0,,2026-05-04 20:23:36
3,Toms Tourney,3,Thac,2026-05-04 20:10:37,3,2,right,34,8,491.2,231.4,633.8,409.0,right,0,,2026-05-04 20:23:41
3,Toms Tourney,3,Thac,2026-05-04 20:10:37,3,2,right,35,9,633.8,409.0,650.2,146.9,right,0,,2026-05-04 20:23:48
3,Toms Tourney,3,Thac,2026-05-04 20:10:37,3,2,right,36,10,650.2,146.9,706.1,247.8,right,0,,2026-05-04 20:23:54
3,Toms Tourney,3,Thac,2026-05-04 20:10:37,3,2,right,37,11,706.1,247.8,734.7,136.0,right,0,,2026-05-04 20:23:56
3,Toms Tourney,3,Thac,2026-05-04 20:10:37,3,2,right,38,12,734.7,136.0,921.1,384.9,right,0,,2026-05-04 20:24:03
3,Toms Tourney,3,Thac,2026-05-04 20:10:37,4,3,left,40,1,641.4,11.0,529.6,16.4,left,0,,2026-05-04 20:27:14
3,Toms Tourney,3,Thac,2026-05-04 20:10:37,4,3,left,41,2,529.6,16.4,388.2,20.8,left,0,,2026-05-04 20:27:25
3,Toms Tourney,3,Thac,2026-05-04 20:10:37,4,3,left,42,3,388.2,20.8,302.6,26.3,left,0,,2026-05-04 20:27:32
3,Toms Tourney,3,Thac,2026-05-04 20:10:37,4,3,left,125,4,302.6,26.3,31.8,32.9,left,0,,2026-05-04 21:08:59
3,Toms Tourney,3,Thac,2026-05-04 20:10:37,5,4,left,44,1,719.3,123.9,711.6,214.9,left,0,,2026-05-04 20:29:52
3,Toms Tourney,3,Thac,2026-05-04 20:10:37,5,4,left,45,2,711.6,214.9,657.9,402.4,left,0,,2026-05-04 20:29:59
3,Toms Tourney,3,Thac,2026-05-04 20:10:37,5,4,left,46,3,657.9,402.4,197.4,175.4,left,1,Execution error na dlouhé - visela a byla ubráněna.,2026-05-04 20:30:09
3,Toms Tourney,3,Thac,2026-05-04 20:10:37,6,5,right,48,1,265.3,462.7,423.2,460.5,right,0,,2026-05-04 20:31:36
3,Toms Tourney,3,Thac,2026-05-04 20:10:37,6,5,right,49,2,423.2,460.5,608.6,460.5,right,0,,2026-05-04 20:31:42
3,Toms Tourney,3,Thac,2026-05-04 20:10:37,6,5,right,50,3,608.6,460.5,633.8,391.5,right,0,,2026-05-04 20:31:46
3,Toms Tourney,3,Thac,2026-05-04 20:10:37,6,5,right,51,4,633.8,391.5,640.4,332.2,right,0,,2026-05-04 20:31:47
3,Toms Tourney,3,Thac,2026-05-04 20:10:37,6,5,right,52,5,640.4,332.2,657.9,214.9,right,0,,2026-05-04 20:31:49
3,Toms Tourney,3,Thac,2026-05-04 20:10:37,6,5,right,55,6,657.9,214.9,740.1,107.5,right,0,,2026-05-04 20:32:14
3,Toms Tourney,3,Thac,2026-05-04 20:10:37,6,5,right,57,7,740.1,107.5,859.7,144.7,right,0,,2026-05-04 20:32:23
3,Toms Tourney,3,Thac,2026-05-04 20:10:37,7,6,right,58,1,171.0,183.1,178.7,262.1,right,0,,2026-05-04 20:33:01
3,Toms Tourney,3,Thac,2026-05-04 20:10:37,7,6,right,59,2,178.7,262.1,336.6,410.1,right,0,,2026-05-04 20:33:09
3,Toms Tourney,3,Thac,2026-05-04 20:10:37,7,6,right,61,3,336.6,410.1,563.6,418.9,right,0,,2026-05-04 20:33:16
3,Toms Tourney,3,Thac,2026-05-04 20:10:37,7,6,right,62,4,563.6,418.9,403.5,257.7,right,0,,2026-05-04 20:35:48
3,Toms Tourney,3,Thac,2026-05-04 20:10:37,7,6,right,63,5,403.5,257.7,438.6,91.0,right,0,,2026-05-04 20:35:55
3,Toms Tourney,3,Thac,2026-05-04 20:10:37,7,6,right,64,6,438.6,91.0,521.9,301.5,right,0,,2026-05-04 20:36:08
3,Toms Tourney,3,Thac,2026-05-04 20:10:37,7,6,right,65,7,521.9,301.5,535.1,92.1,right,0,,2026-05-04 20:36:12
3,Toms Tourney,3,Thac,2026-05-04 20:10:37,7,6,right,66,8,535.1,92.1,583.3,210.5,right,0,,2026-05-04 20:36:17
3,Toms Tourney,3,Thac,2026-05-04 20:10:37,7,6,right,67,9,583.3,210.5,612.9,98.7,right,0,,2026-05-04 20:36:22
3,Toms Tourney,3,Thac,2026-05-04 20:10:37,7,6,right,69,10,610.3,102.0,672.2,98.7,right,1,Ubráněný inside break s nedokonalým executionem.,2026-05-04 20:36:37
3,Toms Tourney,3,Thac,2026-05-04 20:10:37,7,6,right,72,11,543.4,6.6,485.3,140.4,right,0,,2026-05-04 20:38:29
3,Toms Tourney,3,Thac,2026-05-04 20:10:37,7,6,right,73,12,485.3,140.4,516.0,257.7,right,0,,2026-05-04 20:38:48
3,Toms Tourney,3,Thac,2026-05-04 20:10:37,7,6,right,74,13,516.0,257.7,597.2,457.2,right,0,,2026-05-04 20:39:02
3,Toms Tourney,3,Thac,2026-05-04 20:10:37,7,6,right,76,14,597.2,457.2,705.7,457.2,right,0,,2026-05-04 20:39:07
3,Toms Tourney,3,Thac,2026-05-04 20:10:37,7,6,right,77,15,705.7,457.2,597.2,311.4,right,0,,2026-05-04 20:39:11
3,Toms Tourney,3,Thac,2026-05-04 20:10:37,7,6,right,78,16,597.2,311.4,571.9,232.5,right,0,,2026-05-04 20:39:19
3,Toms Tourney,3,Thac,2026-05-04 20:10:37,7,6,right,80,17,571.9,232.5,615.8,52.6,right,0,,2026-05-04 20:39:32
3,Toms Tourney,3,Thac,2026-05-04 20:10:37,7,6,right,81,18,615.8,52.6,552.2,74.6,right,0,,2026-05-04 20:39:35
3,Toms Tourney,3,Thac,2026-05-04 20:10:37,7,6,right,82,19,552.2,74.6,701.3,36.2,right,0,,2026-05-04 20:39:41
3,Toms Tourney,3,Thac,2026-05-04 20:10:37,7,6,right,83,20,701.3,36.2,826.3,27.4,right,0,,2026-05-04 20:39:44
3,Toms Tourney,3,Thac,2026-05-04 20:10:37,7,6,right,84,21,826.3,27.4,879.0,41.7,right,0,,2026-05-04 20:39:47
3,Toms Tourney,3,Thac,2026-05-04 20:10:37,8,7,right,85,1,53.7,174.3,191.9,248.9,right,0,,2026-05-04 20:42:38
3,Toms Tourney,3,Thac,2026-05-04 20:10:37,8,7,right,86,2,191.9,248.9,202.8,65.8,right,0,,2026-05-04 20:42:43
3,Toms Tourney,3,Thac,2026-05-04 20:10:37,8,7,right,87,3,202.8,65.8,322.4,134.9,right,0,,2026-05-04 20:42:52
3,Toms Tourney,3,Thac,2026-05-04 20:10:37,8,7,right,88,4,322.4,134.9,280.7,262.1,right,0,,2026-05-04 20:42:55
3,Toms Tourney,3,Thac,2026-05-04 20:10:37,8,7,right,89,5,280.7,262.1,389.3,390.4,right,0,,2026-05-04 20:42:57
3,Toms Tourney,3,Thac,2026-05-04 20:10:37,8,7,right,90,6,389.3,390.4,492.3,371.7,right,0,,2026-05-04 20:43:01
3,Toms Tourney,3,Thac,2026-05-04 20:10:37,8,7,right,91,7,492.3,371.7,417.8,207.2,right,0,,2026-05-04 20:43:05
3,Toms Tourney,3,Thac,2026-05-04 20:10:37,8,7,right,92,8,417.8,207.2,526.3,59.2,right,0,,2026-05-04 20:43:07
3,Toms Tourney,3,Thac,2026-05-04 20:10:37,8,7,right,93,9,526.3,59.2,701.8,65.8,right,0,,2026-05-04 20:43:13
3,Toms Tourney,3,Thac,2026-05-04 20:10:37,8,7,right,94,10,701.8,65.8,859.7,52.6,right,0,,2026-05-04 20:43:14
3,Toms Tourney,3,Thac,2026-05-04 20:10:37,9,8,left,95,1,777.4,88.8,821.3,214.9,left,0,,2026-05-04 20:45:04
3,Toms Tourney,3,Thac,2026-05-04 20:10:37,9,8,left,96,2,821.3,214.9,763.2,95.4,left,0,,2026-05-04 20:45:07
3,Toms Tourney,3,Thac,2026-05-04 20:10:37,9,8,left,97,3,763.2,95.4,811.4,224.8,left,0,,2026-05-04 20:45:09
3,Toms Tourney,3,Thac,2026-05-04 20:10:37,9,8,left,98,4,811.4,224.8,696.3,41.7,left,0,,2026-05-04 20:45:15
3,Toms Tourney,3,Thac,2026-05-04 20:10:37,9,8,left,99,5,696.3,41.7,732.5,152.4,left,0,,2026-05-04 20:45:17
3,Toms Tourney,3,Thac,2026-05-04 20:10:37,9,8,left,100,6,732.5,152.4,587.7,24.1,left,0,,2026-05-04 20:45:35
3,Toms Tourney,3,Thac,2026-05-04 20:10:37,9,8,left,101,7,587.7,24.1,463.8,28.5,left,0,,2026-05-04 20:45:37
3,Toms Tourney,3,Thac,2026-05-04 20:10:37,9,8,left,102,8,463.8,28.5,68.0,18.6,left,0,,2026-05-04 20:45:44
3,Toms Tourney,3,Thac,2026-05-04 20:10:37,10,9,left,103,1,920.0,132.7,846.5,248.9,left,0,,2026-05-04 20:46:29
3,Toms Tourney,3,Thac,2026-05-04 20:10:37,10,9,left,104,2,846.5,248.9,823.5,104.2,left,0,,2026-05-04 20:47:07
3,Toms Tourney,3,Thac,2026-05-04 20:10:37,10,9,left,105,3,823.5,104.2,777.4,289.5,left,0,,2026-05-04 20:47:14
3,Toms Tourney,3,Thac,2026-05-04 20:10:37,10,9,left,106,4,777.4,289.5,797.2,415.6,left,0,,2026-05-04 20:47:15
3,Toms Tourney,3,Thac,2026-05-04 20:10:37,10,9,left,107,5,797.2,415.6,846.5,117.3,left,0,,2026-05-04 20:47:26
3,Toms Tourney,3,Thac,2026-05-04 20:10:37,10,9,left,108,6,846.5,117.3,732.5,31.8,left,0,,2026-05-04 20:47:33
3,Toms Tourney,3,Thac,2026-05-04 20:10:37,10,9,left,109,7,732.5,31.8,558.1,20.8,left,0,,2026-05-04 20:47:57
3,Toms Tourney,3,Thac,2026-05-04 20:10:37,10,9,left,110,8,558.1,20.8,460.5,21.9,left,0,,2026-05-04 20:49:37
3,Toms Tourney,3,Thac,2026-05-04 20:10:37,10,9,left,111,9,464.9,25.2,554.8,81.1,left,0,,2026-05-04 20:49:46
3,Toms Tourney,3,Thac,2026-05-04 20:10:37,10,9,left,112,10,554.8,81.1,592.1,227.0,left,0,,2026-05-04 20:49:52
3,Toms Tourney,3,Thac,2026-05-04 20:10:37,10,9,left,113,11,592.1,227.0,508.8,71.3,left,0,,2026-05-04 20:50:24
3,Toms Tourney,3,Thac,2026-05-04 20:10:37,10,9,left,114,12,508.8,71.3,447.4,37.3,left,0,,2026-05-04 20:50:33
3,Toms Tourney,3,Thac,2026-05-04 20:10:37,10,9,left,115,13,447.4,37.3,335.5,25.2,left,0,,2026-05-04 20:50:46
3,Toms Tourney,3,Thac,2026-05-04 20:10:37,10,9,left,117,14,335.5,25.2,121.7,370.6,left,1,Ubráněný křižný over.,2026-05-04 20:50:59
3,Toms Tourney,3,Thac,2026-05-04 20:10:37,10,9,left,119,15,660.1,222.6,501.1,402.4,left,0,,2026-05-04 20:51:32
3,Toms Tourney,3,Thac,2026-05-04 20:10:37,10,9,left,120,16,501.1,402.4,377.2,229.2,left,0,,2026-05-04 20:51:52
3,Toms Tourney,3,Thac,2026-05-04 20:10:37,10,9,left,121,17,377.2,229.2,344.3,91.0,left,0,,2026-05-04 20:51:57
3,Toms Tourney,3,Thac,2026-05-04 20:10:37,10,9,left,123,18,344.3,91.0,301.5,55.9,left,1,Dobrá obrana na upline.,2026-05-04 20:52:20
3,Toms Tourney,4,Wall City,2026-05-05 08:15:47,12,1,left,130,1,819.1,148.0,813.6,262.1,left,0,,2026-05-05 17:35:16
3,Toms Tourney,4,Wall City,2026-05-05 08:15:47,12,1,left,131,2,813.6,262.1,799.3,99.8,left,0,,2026-05-05 17:35:20
3,Toms Tourney,4,Wall City,2026-05-05 08:15:47,12,1,left,132,3,799.3,99.8,699.6,209.4,left,0,,2026-05-05 17:35:24
3,Toms Tourney,4,Wall City,2026-05-05 08:15:47,12,1,left,133,4,699.6,209.4,698.5,375.0,left,0,,2026-05-05 17:35:27
3,Toms Tourney,4,Wall City,2026-05-05 08:15:47,12,1,left,134,5,698.5,375.0,86.6,330.0,left,0,,2026-05-05 17:35:33
3,Toms Tourney,4,Wall City,2026-05-05 08:15:47,12,1,left,150,6,86.6,330.0,149.1,240.1,left,0,,2026-05-08 08:13:52
3,Toms Tourney,4,Wall City,2026-05-05 08:15:47,13,2,right,135,1,732.5,289.5,728.1,448.5,left,0,,2026-05-05 17:37:29
3,Toms Tourney,4,Wall City,2026-05-05 08:15:47,13,2,right,136,2,728.1,448.5,394.7,421.1,left,0,,2026-05-05 17:37:42
3,Toms Tourney,4,Wall City,2026-05-05 08:15:47,13,2,right,137,3,394.7,421.1,500.0,300.4,left,0,,2026-05-05 17:38:36
3,Toms Tourney,4,Wall City,2026-05-05 08:15:47,13,2,right,138,4,500.0,300.4,438.6,128.3,left,0,,2026-05-05 17:38:37
3,Toms Tourney,4,Wall City,2026-05-05 08:15:47,13,2,right,139,5,438.6,128.3,342.1,38.4,left,0,,2026-05-05 17:38:45
3,Toms Tourney,4,Wall City,2026-05-05 08:15:47,13,2,right,140,6,342.1,38.4,324.6,376.1,left,0,,2026-05-05 17:38:52
3,Toms Tourney,4,Wall City,2026-05-05 08:15:47,13,2,right,141,7,324.6,376.1,239.0,406.8,left,0,,2026-05-05 17:38:54
3,Toms Tourney,4,Wall City,2026-05-05 08:15:47,13,2,right,143,8,239.0,406.8,115.1,423.2,left,1,"Poach
",2026-05-05 17:39:35
3,Toms Tourney,4,Wall City,2026-05-05 08:15:47,13,2,right,144,9,496.3,111.0,177.2,14.5,left,0,,2026-05-05 17:40:46
3,Toms Tourney,4,Wall City,2026-05-05 08:15:47,13,2,right,146,10,177.2,14.5,234.2,60.5,left,0,,2026-05-05 17:41:10
3,Toms Tourney,4,Wall City,2026-05-05 08:15:47,13,2,right,147,11,234.2,60.5,249.6,182.2,left,0,,2026-05-05 17:41:16
3,Toms Tourney,4,Wall City,2026-05-05 08:15:47,13,2,right,148,12,249.6,182.2,204.6,63.8,left,0,,2026-05-05 17:41:21
3,Toms Tourney,4,Wall City,2026-05-05 08:15:47,13,2,right,149,13,204.6,63.8,103.7,39.7,left,0,,2026-05-05 17:41:25
3,Toms Tourney,4,Wall City,2026-05-05 08:15:47,14,3,right,152,1,168.8,457.3,208.3,121.7,right,0,,2026-05-17 20:57:12
3,Toms Tourney,4,Wall City,2026-05-05 08:15:47,14,3,right,153,2,208.3,121.7,248.9,82.3,right,0,,2026-05-17 20:57:17
3,Toms Tourney,4,Wall City,2026-05-05 08:15:47,14,3,right,154,3,248.9,82.3,815.8,134.9,right,0,,2026-05-17 20:57:24
3,Toms Tourney,4,Wall City,2026-05-05 08:15:47,14,3,right,155,4,815.8,134.9,857.5,70.2,right,0,,2026-05-17 20:57:25
3,Toms Tourney,4,Wall City,2026-05-05 08:15:47,16,4,right,156,1,151.3,221.5,206.1,118.4,right,0,,2026-05-17 20:58:59
3,Toms Tourney,4,Wall City,2026-05-05 08:15:47,16,4,right,157,2,206.1,118.4,219.3,296.1,right,0,,2026-05-17 20:59:05
3,Toms Tourney,4,Wall City,2026-05-05 08:15:47,16,4,right,158,3,219.3,296.1,224.8,122.8,right,0,,2026-05-17 20:59:08
3,Toms Tourney,4,Wall City,2026-05-05 08:15:47,16,4,right,159,4,224.8,122.8,233.5,313.6,right,0,,2026-05-17 20:59:11
3,Toms Tourney,4,Wall City,2026-05-05 08:15:47,16,4,right,160,5,233.5,313.6,229.2,406.8,right,0,,2026-05-17 20:59:18
3,Toms Tourney,4,Wall City,2026-05-05 08:15:47,16,4,right,161,6,229.2,406.8,196.3,338.8,right,0,,2026-05-17 20:59:24
3,Toms Tourney,4,Wall City,2026-05-05 08:15:47,16,4,right,162,7,196.3,338.8,217.1,438.6,right,0,,2026-05-17 20:59:26
3,Toms Tourney,4,Wall City,2026-05-05 08:15:47,16,4,right,163,8,217.1,438.6,211.6,316.9,right,0,,2026-05-17 20:59:29
3,Toms Tourney,4,Wall City,2026-05-05 08:15:47,16,4,right,164,9,211.6,316.9,229.2,457.3,right,1,Mechanický zához,2026-05-17 20:59:36
3,Toms Tourney,4,Wall City,2026-05-05 08:15:47,17,5,left,165,1,869.5,190.8,804.8,248.9,left,0,,2026-05-17 21:00:26
3,Toms Tourney,4,Wall City,2026-05-05 08:15:47,17,5,left,166,2,804.8,248.9,759.9,45.0,left,0,,2026-05-17 21:00:33
3,Toms Tourney,4,Wall City,2026-05-05 08:15:47,17,5,left,167,3,759.9,45.0,816.9,205.1,left,0,,2026-05-17 21:00:42
3,Toms Tourney,4,Wall City,2026-05-05 08:15:47,17,5,left,168,4,816.9,205.1,795.0,343.2,left,0,,2026-05-17 21:00:53
3,Toms Tourney,4,Wall City,2026-05-05 08:15:47,17,5,left,169,5,795.0,343.2,816.9,95.4,left,0,,2026-05-17 21:01:14
3,Toms Tourney,4,Wall City,2026-05-05 08:15:47,17,5,left,170,6,816.9,95.4,650.2,75.7,left,1,"Pozdě vyčištěno, hod do poache",2026-05-17 21:02:19
3,Toms Tourney,4,Wall City,2026-05-05 08:15:47,18,6,right,171,1,57.0,218.2,187.5,202.9,right,0,,2026-05-17 21:03:20
3,Toms Tourney,4,Wall City,2026-05-05 08:15:47,18,6,right,172,2,187.5,202.9,195.2,46.1,right,0,,2026-05-17 21:03:31
3,Toms Tourney,4,Wall City,2026-05-05 08:15:47,18,6,right,173,3,195.2,46.1,262.1,31.8,right,0,,2026-05-17 21:03:32
3,Toms Tourney,4,Wall City,2026-05-05 08:15:47,18,6,right,174,4,262.1,31.8,207.2,61.4,right,0,,2026-05-17 21:03:43
3,Toms Tourney,4,Wall City,2026-05-05 08:15:47,18,6,right,175,5,207.2,61.4,172.1,252.2,right,0,,2026-05-17 21:03:46
3,Toms Tourney,4,Wall City,2026-05-05 08:15:47,18,6,right,176,6,172.1,252.2,182.0,152.4,right,0,,2026-05-17 21:03:59
3,Toms Tourney,4,Wall City,2026-05-05 08:15:47,18,6,right,177,7,182.0,152.4,225.9,156.8,right,0,,2026-05-17 21:04:00
3,Toms Tourney,4,Wall City,2026-05-05 08:15:47,18,6,right,178,8,225.9,156.8,881.6,83.4,right,0,,2026-05-17 21:04:25
3,Toms Tourney,4,Wall City,2026-05-05 08:15:47,19,7,left,179,1,823.5,190.8,709.4,221.5,left,0,,2026-05-17 21:05:00
3,Toms Tourney,4,Wall City,2026-05-05 08:15:47,19,7,left,180,2,709.4,221.5,745.6,318.0,left,0,,2026-05-17 21:05:03
3,Toms Tourney,4,Wall City,2026-05-05 08:15:47,19,7,left,181,3,745.6,318.0,723.7,204.0,left,0,,2026-05-17 21:05:05
3,Toms Tourney,4,Wall City,2026-05-05 08:15:47,19,7,left,182,4,723.7,204.0,673.3,42.8,left,0,,2026-05-17 21:05:07
3,Toms Tourney,4,Wall City,2026-05-05 08:15:47,19,7,left,183,5,673.3,42.8,444.1,42.8,left,0,,2026-05-17 21:05:10
3,Toms Tourney,4,Wall City,2026-05-05 08:15:47,19,7,left,184,6,444.1,42.8,393.6,32.9,left,0,,2026-05-17 21:05:12
3,Toms Tourney,4,Wall City,2026-05-05 08:15:47,19,7,left,185,7,393.6,32.9,229.2,54.8,left,0,,2026-05-17 21:05:15
3,Toms Tourney,4,Wall City,2026-05-05 08:15:47,19,7,left,186,8,229.2,54.8,122.8,94.3,left,0,,2026-05-17 21:05:24
3,Toms Tourney,4,Wall City,2026-05-05 08:15:47,20,8,left,187,1,852.0,46.1,896.9,206.2,left,0,,2026-05-17 21:06:05
3,Toms Tourney,4,Wall City,2026-05-05 08:15:47,20,8,left,188,2,896.9,206.2,880.5,49.4,left,0,,2026-05-17 21:07:02
3,Toms Tourney,4,Wall City,2026-05-05 08:15:47,20,8,left,189,3,880.5,49.4,818.0,92.1,left,0,,2026-05-17 21:07:13
3,Toms Tourney,4,Wall City,2026-05-05 08:15:47,20,8,left,191,4,818.0,92.1,327.8,311.4,left,1,Nepřečtená dlouhá,2026-05-17 21:07:34
3,Toms Tourney,4,Wall City,2026-05-05 08:15:47,20,8,left,193,5,327.8,29.6,356.4,162.3,left,0,,2026-05-17 21:07:56
3,Toms Tourney,4,Wall City,2026-05-05 08:15:47,20,8,left,195,6,349.8,160.1,293.9,279.6,left,0,,2026-05-17 21:08:12
3,Toms Tourney,4,Wall City,2026-05-05 08:15:47,20,8,left,196,7,293.9,279.6,322.4,94.3,left,0,,2026-05-17 21:08:31
3,Toms Tourney,4,Wall City,2026-05-05 08:15:47,20,8,left,198,8,322.4,94.3,261.0,321.3,left,1,misscom/zához,2026-05-17 21:09:00
3,Toms Tourney,4,Wall City,2026-05-05 08:15:47,20,8,left,199,9,727.0,405.7,320.2,394.8,left,0,,2026-05-17 21:09:52
3,Toms Tourney,4,Wall City,2026-05-05 08:15:47,20,8,left,200,10,320.2,394.8,366.2,416.7,left,0,,2026-05-17 21:10:29
3,Toms Tourney,4,Wall City,2026-05-05 08:15:47,20,8,left,201,11,366.2,416.7,392.5,312.5,left,0,,2026-05-17 21:10:31
3,Toms Tourney,4,Wall City,2026-05-05 08:15:47,20,8,left,202,12,392.5,312.5,341.0,133.8,left,0,,2026-05-17 21:10:35
3,Toms Tourney,4,Wall City,2026-05-05 08:15:47,20,8,left,203,13,341.0,133.8,223.7,414.5,left,0,,2026-05-17 21:10:41
3,Toms Tourney,4,Wall City,2026-05-05 08:15:47,20,8,left,204,14,223.7,414.5,32.9,390.4,left,0,,2026-05-17 21:10:43
3,Toms Tourney,4,Wall City,2026-05-05 08:15:47,21,9,right,206,1,157.9,3.3,35.1,54.8,right,0,,2026-05-17 21:11:26
3,Toms Tourney,4,Wall City,2026-05-05 08:15:47,21,9,right,207,2,35.1,54.8,48.2,334.5,right,0,,2026-05-17 21:11:32
3,Toms Tourney,4,Wall City,2026-05-05 08:15:47,21,9,right,208,3,48.2,334.5,94.3,252.2,right,0,,2026-05-17 21:11:34
3,Toms Tourney,4,Wall City,2026-05-05 08:15:47,21,9,right,209,4,94.3,252.2,191.9,383.8,right,0,,2026-05-17 21:11:39
3,Toms Tourney,4,Wall City,2026-05-05 08:15:47,21,9,right,210,5,191.9,383.8,200.6,293.9,right,0,,2026-05-17 21:11:42
3,Toms Tourney,4,Wall City,2026-05-05 08:15:47,21,9,right,212,6,200.6,293.9,752.2,278.5,right,0,,2026-05-17 21:11:51
3,Toms Tourney,4,Wall City,2026-05-05 08:15:47,21,9,right,213,7,752.2,278.5,698.5,126.1,right,0,,2026-05-17 21:12:03
3,Toms Tourney,4,Wall City,2026-05-05 08:15:47,21,9,right,214,8,698.5,126.1,655.7,41.7,right,0,,2026-05-17 21:12:05
3,Toms Tourney,4,Wall City,2026-05-05 08:15:47,21,9,right,215,9,655.7,41.7,741.2,172.2,right,0,,2026-05-17 21:12:07
3,Toms Tourney,4,Wall City,2026-05-05 08:15:47,21,9,right,216,10,741.2,172.2,674.3,34.0,right,0,,2026-05-17 21:12:10
3,Toms Tourney,4,Wall City,2026-05-05 08:15:47,21,9,right,217,11,674.3,34.0,791.7,269.8,right,0,,2026-05-17 21:12:14
3,Toms Tourney,4,Wall City,2026-05-05 08:15:47,21,9,right,218,12,791.7,269.8,880.5,360.8,right,0,,2026-05-17 21:12:18
3,Toms Tourney,5,Mooncatchers,2026-05-17 21:13:59,23,1,right,219,1,944.1,284.0,888.2,165.6,left,0,,2026-05-18 18:02:31
3,Toms Tourney,5,Mooncatchers,2026-05-17 21:13:59,23,1,right,220,2,888.2,165.6,753.3,48.2,left,0,,2026-05-18 18:02:34
3,Toms Tourney,5,Mooncatchers,2026-05-17 21:13:59,23,1,right,221,3,753.3,48.2,686.4,160.1,left,0,,2026-05-18 18:02:37
3,Toms Tourney,5,Mooncatchers,2026-05-17 21:13:59,23,1,right,222,4,686.4,160.1,461.6,25.2,left,0,,2026-05-18 18:02:42
3,Toms Tourney,5,Mooncatchers,2026-05-17 21:13:59,23,1,right,223,5,461.6,25.2,334.4,32.9,left,0,,2026-05-18 18:02:52
3,Toms Tourney,5,Mooncatchers,2026-05-17 21:13:59,23,1,right,224,6,334.4,32.9,245.6,29.6,left,0,,2026-05-18 18:02:58
3,Toms Tourney,5,Mooncatchers,2026-05-17 21:13:59,23,1,right,225,7,245.6,29.6,188.6,32.9,left,0,,2026-05-18 18:03:06
3,Toms Tourney,5,Mooncatchers,2026-05-17 21:13:59,23,1,right,226,8,188.6,32.9,258.8,183.1,left,0,,2026-05-18 18:03:29
3,Toms Tourney,5,Mooncatchers,2026-05-17 21:13:59,23,1,right,227,9,258.8,183.1,228.1,108.6,left,0,,2026-05-18 18:03:33
3,Toms Tourney,5,Mooncatchers,2026-05-17 21:13:59,23,1,right,228,10,228.1,108.6,232.5,171.1,left,0,,2026-05-18 18:03:40
3,Toms Tourney,5,Mooncatchers,2026-05-17 21:13:59,23,1,right,229,11,232.5,171.1,207.2,227.0,left,0,,2026-05-18 18:03:42
3,Toms Tourney,5,Mooncatchers,2026-05-17 21:13:59,23,1,right,230,12,207.2,227.0,199.6,157.9,left,0,,2026-05-18 18:03:44
3,Toms Tourney,5,Mooncatchers,2026-05-17 21:13:59,23,1,right,231,13,199.6,157.9,117.3,177.6,left,0,,2026-05-18 18:03:53
3,Toms Tourney,5,Mooncatchers,2026-05-17 21:13:59,24,2,right,232,1,865.1,178.7,803.7,191.9,left,0,,2026-05-18 18:04:16
3,Toms Tourney,5,Mooncatchers,2026-05-17 21:13:59,24,2,right,233,2,803.7,191.9,824.6,222.6,left,0,,2026-05-18 18:04:50
3,Toms Tourney,5,Mooncatchers,2026-05-17 21:13:59,24,2,right,234,3,824.6,222.6,736.8,64.7,left,0,,2026-05-18 18:04:55
3,Toms Tourney,5,Mooncatchers,2026-05-17 21:13:59,24,2,right,235,4,736.8,64.7,134.9,127.2,left,0,,2026-05-18 18:05:44
3,Toms Tourney,5,Mooncatchers,2026-05-17 21:13:59,25,3,right,236,1,671.1,234.7,707.2,299.3,left,0,,2026-05-18 18:06:45
3,Toms Tourney,5,Mooncatchers,2026-05-17 21:13:59,25,3,right,237,2,707.2,299.3,671.1,111.8,left,0,,2026-05-18 18:06:51
3,Toms Tourney,5,Mooncatchers,2026-05-17 21:13:59,25,3,right,238,3,671.1,111.8,699.6,174.3,left,0,,2026-05-18 18:06:56
3,Toms Tourney,5,Mooncatchers,2026-05-17 21:13:59,25,3,right,239,4,699.6,174.3,741.2,187.5,left,0,,2026-05-18 18:07:04
3,Toms Tourney,5,Mooncatchers,2026-05-17 21:13:59,25,3,right,240,5,741.2,187.5,535.1,60.3,left,0,,2026-05-18 18:07:11
3,Toms Tourney,5,Mooncatchers,2026-05-17 21:13:59,25,3,right,241,6,535.1,60.3,508.8,172.2,left,0,,2026-05-18 18:07:18
3,Toms Tourney,5,Mooncatchers,2026-05-17 21:13:59,25,3,right,242,7,508.8,172.2,506.6,277.4,left,0,,2026-05-18 18:07:36
3,Toms Tourney,5,Mooncatchers,2026-05-17 21:13:59,25,3,right,243,8,506.6,277.4,425.4,332.2,left,0,,2026-05-18 18:07:42
3,Toms Tourney,5,Mooncatchers,2026-05-17 21:13:59,25,3,right,244,9,425.4,332.2,448.5,218.2,left,0,,2026-05-18 18:08:03
3,Toms Tourney,5,Mooncatchers,2026-05-17 21:13:59,25,3,right,245,10,448.5,218.2,433.1,345.4,left,0,,2026-05-18 18:08:05
3,Toms Tourney,5,Mooncatchers,2026-05-17 21:13:59,25,3,right,246,11,433.1,345.4,456.1,241.2,left,0,,2026-05-18 18:08:06
3,Toms Tourney,5,Mooncatchers,2026-05-17 21:13:59,25,3,right,247,12,456.1,241.2,392.5,405.7,left,0,,2026-05-18 18:08:08
3,Toms Tourney,5,Mooncatchers,2026-05-17 21:13:59,25,3,right,248,13,392.5,405.7,389.3,68.0,left,0,,2026-05-18 18:08:13
3,Toms Tourney,5,Mooncatchers,2026-05-17 21:13:59,25,3,right,249,14,389.3,68.0,439.7,171.1,left,0,,2026-05-18 18:08:41
3,Toms Tourney,5,Mooncatchers,2026-05-17 21:13:59,25,3,right,250,15,439.7,171.1,298.2,393.6,left,0,,2026-05-18 18:08:44
3,Toms Tourney,5,Mooncatchers,2026-05-17 21:13:59,25,3,right,251,16,298.2,393.6,342.1,225.9,left,0,,2026-05-18 18:08:48
3,Toms Tourney,5,Mooncatchers,2026-05-17 21:13:59,25,3,right,252,17,342.1,225.9,284.0,43.9,left,0,,2026-05-18 18:08:50
3,Toms Tourney,5,Mooncatchers,2026-05-17 21:13:59,25,3,right,253,18,284.0,43.9,298.2,157.9,left,0,,2026-05-18 18:08:56
3,Toms Tourney,5,Mooncatchers,2026-05-17 21:13:59,25,3,right,254,19,298.2,157.9,263.2,53.7,left,0,,2026-05-18 18:08:59
3,Toms Tourney,5,Mooncatchers,2026-05-17 21:13:59,25,3,right,255,20,263.2,53.7,193.0,110.7,left,0,,2026-05-18 18:09:05
3,Toms Tourney,5,Mooncatchers,2026-05-17 21:13:59,25,3,right,256,21,193.0,110.7,58.1,54.8,left,1,Misscom? Nedokážu posoudit,2026-05-18 18:09:12
3,Toms Tourney,5,Mooncatchers,2026-05-17 21:13:59,25,3,right,257,22,822.4,69.1,882.7,105.3,left,0,,2026-05-18 18:10:25
3,Toms Tourney,5,Mooncatchers,2026-05-17 21:13:59,25,3,right,258,23,882.7,105.3,400.2,35.1,left,0,,2026-05-18 18:10:48
3,Toms Tourney,5,Mooncatchers,2026-05-17 21:13:59,25,3,right,259,24,400.2,35.1,276.3,411.2,left,0,,2026-05-18 18:10:56
3,Toms Tourney,5,Mooncatchers,2026-05-17 21:13:59,25,3,right,260,25,276.3,411.2,234.6,224.8,left,0,,2026-05-18 18:11:00
3,Toms Tourney,5,Mooncatchers,2026-05-17 21:13:59,25,3,right,261,26,234.6,224.8,186.4,399.1,left,1,Nechycený disk/přifouknul vítr/mechanický zához,2026-05-18 18:11:35
3,Toms Tourney,5,Mooncatchers,2026-05-17 21:13:59,25,3,right,262,27,865.1,231.4,768.6,35.1,left,0,,2026-05-18 18:12:02
3,Toms Tourney,5,Mooncatchers,2026-05-17 21:13:59,25,3,right,263,28,768.6,35.1,208.3,38.4,left,0,,2026-05-18 18:12:19
3,Toms Tourney,5,Mooncatchers,2026-05-17 21:13:59,25,3,right,264,29,208.3,38.4,337.7,57.0,left,0,,2026-05-18 18:12:26
3,Toms Tourney,5,Mooncatchers,2026-05-17 21:13:59,25,3,right,265,30,337.7,55.9,180.9,179.8,left,0,,2026-05-18 18:12:33
3,Toms Tourney,5,Mooncatchers,2026-05-17 21:13:59,25,3,right,267,31,180.9,179.8,140.3,29.6,left,1,mechanicky zahozený backhand ,2026-05-18 18:13:21
3,Toms Tourney,5,Mooncatchers,2026-05-17 21:13:59,26,4,right,268,1,977.0,183.1,802.6,65.8,left,0,,2026-05-18 18:16:11
3,Toms Tourney,5,Mooncatchers,2026-05-17 21:13:59,26,4,right,269,2,802.6,65.8,946.3,210.5,left,0,,2026-05-18 18:16:18
3,Toms Tourney,5,Mooncatchers,2026-05-17 21:13:59,26,4,right,270,3,946.3,210.5,973.7,276.3,left,0,,2026-05-18 18:16:25
3,Toms Tourney,5,Mooncatchers,2026-05-17 21:13:59,26,4,right,271,4,973.7,276.3,860.7,84.4,left,0,,2026-05-18 18:16:29
3,Toms Tourney,5,Mooncatchers,2026-05-17 21:13:59,26,4,right,272,5,860.7,84.4,694.1,20.8,left,0,,2026-05-18 18:16:34
3,Toms Tourney,5,Mooncatchers,2026-05-17 21:13:59,26,4,right,273,6,694.1,20.8,752.2,98.7,left,0,,2026-05-18 18:16:37
3,Toms Tourney,5,Mooncatchers,2026-05-17 21:13:59,26,4,right,274,7,752.2,98.7,730.3,195.2,left,0,,2026-05-18 18:16:42
3,Toms Tourney,5,Mooncatchers,2026-05-17 21:13:59,26,4,right,275,8,730.3,195.2,727.0,305.9,left,0,,2026-05-18 18:16:44
3,Toms Tourney,5,Mooncatchers,2026-05-17 21:13:59,26,4,right,276,9,727.0,305.9,752.2,159.0,left,0,,2026-05-18 18:17:31
3,Toms Tourney,5,Mooncatchers,2026-05-17 21:13:59,26,4,right,277,10,752.2,159.0,745.6,390.4,left,0,,2026-05-18 18:17:36
3,Toms Tourney,5,Mooncatchers,2026-05-17 21:13:59,26,4,right,278,11,745.6,390.4,184.2,187.5,left,0,,2026-05-18 18:17:44
3,Toms Tourney,5,Mooncatchers,2026-05-17 21:13:59,26,4,right,279,12,184.2,187.5,131.6,342.1,left,0,,2026-05-18 18:18:00
3,Toms Tourney,5,Mooncatchers,2026-05-17 21:13:59,27,5,left,280,1,877.2,60.3,798.2,134.9,left,0,,2026-05-18 18:18:40
3,Toms Tourney,5,Mooncatchers,2026-05-17 21:13:59,27,5,left,282,2,798.2,134.9,652.4,64.7,left,1,Mechanický zához na volného člověka,2026-05-18 18:19:11
3,Toms Tourney,5,Mooncatchers,2026-05-17 21:13:59,28,6,right,283,1,315.8,449.6,539.5,369.5,right,0,,2026-05-18 18:21:08
3,Toms Tourney,5,Mooncatchers,2026-05-17 21:13:59,28,6,right,284,2,539.5,369.5,627.2,444.1,right,0,,2026-05-18 18:21:10
3,Toms Tourney,5,Mooncatchers,2026-05-17 21:13:59,28,6,right,285,3,627.2,444.1,847.6,426.5,right,0,,2026-05-18 18:21:20
3,Toms Tourney,5,Mooncatchers,2026-05-17 21:13:59,29,7,left,286,1,852.0,77.9,814.7,216.0,left,0,,2026-05-18 18:21:50
3,Toms Tourney,5,Mooncatchers,2026-05-17 21:13:59,29,7,left,287,2,814.7,216.0,859.7,265.4,left,0,,2026-05-18 18:21:54
3,Toms Tourney,5,Mooncatchers,2026-05-17 21:13:59,29,7,left,288,3,859.7,265.4,778.5,64.7,left,0,,2026-05-18 18:21:59
3,Toms Tourney,5,Mooncatchers,2026-05-17 21:13:59,29,7,left,289,4,779.6,60.3,614.0,50.4,left,0,,2026-05-18 18:22:02
3,Toms Tourney,5,Mooncatchers,2026-05-17 21:13:59,29,7,left,290,5,614.0,50.4,486.8,62.5,left,0,,2026-05-18 18:22:18
3,Toms Tourney,5,Mooncatchers,2026-05-17 21:13:59,29,7,left,292,6,486.8,62.5,569.1,109.7,left,0,,2026-05-18 18:22:34
3,Toms Tourney,5,Mooncatchers,2026-05-17 21:13:59,29,7,left,293,7,569.1,109.7,562.5,324.6,left,0,,2026-05-18 18:22:36
3,Toms Tourney,5,Mooncatchers,2026-05-17 21:13:59,29,7,left,294,8,562.5,324.6,655.7,95.4,left,0,,2026-05-18 18:22:41
3,Toms Tourney,5,Mooncatchers,2026-05-17 21:13:59,29,7,left,295,9,657.9,98.7,662.3,188.6,left,0,,2026-05-18 18:22:43
3,Toms Tourney,5,Mooncatchers,2026-05-17 21:13:59,29,7,left,296,10,662.3,188.6,292.8,51.5,left,0,,2026-05-18 18:22:54
3,Toms Tourney,5,Mooncatchers,2026-05-17 21:13:59,29,7,left,297,11,292.8,51.5,232.5,163.4,left,0,,2026-05-18 18:23:00
3,Toms Tourney,5,Mooncatchers,2026-05-17 21:13:59,29,7,left,298,12,232.5,163.4,222.6,302.6,left,0,,2026-05-18 18:23:07
3,Toms Tourney,5,Mooncatchers,2026-05-17 21:13:59,29,7,left,299,13,222.6,302.6,179.8,418.9,left,0,,2026-05-18 18:23:10
3,Toms Tourney,5,Mooncatchers,2026-05-17 21:13:59,29,7,left,300,14,179.8,418.9,134.9,205.0,left,1,Ubráněný risky hod do zóny,2026-05-18 18:23:21
3,Toms Tourney,5,Mooncatchers,2026-05-17 21:13:59,29,7,left,303,15,185.3,74.6,136.0,55.9,left,0,,2026-05-18 18:24:26
3,Toms Tourney,5,Mooncatchers,2026-05-17 21:13:59,30,8,right,304,1,298.2,248.9,318.0,161.2,right,0,,2026-05-18 20:12:47
3,Toms Tourney,5,Mooncatchers,2026-05-17 21:13:59,30,8,right,306,2,318.0,161.2,530.7,64.7,right,1,Mechanický zához,2026-05-18 20:13:00
3,Toms Tourney,5,Mooncatchers,2026-05-17 21:13:59,31,9,left,307,1,846.5,198.5,732.5,248.9,left,0,,2026-05-18 20:13:31
3,Toms Tourney,5,Mooncatchers,2026-05-17 21:13:59,31,9,left,308,2,732.5,248.9,171.0,160.1,left,1,Zahozená dlouhá,2026-05-18 20:13:39
3,Toms Tourney,5,Mooncatchers,2026-05-17 21:13:59,32,10,right,309,1,758.8,231.4,776.3,347.6,left,0,,2026-05-18 20:14:31
3,Toms Tourney,5,Mooncatchers,2026-05-17 21:13:59,32,10,right,310,2,776.3,347.6,744.5,415.6,left,0,,2026-05-18 20:14:48
3,Toms Tourney,5,Mooncatchers,2026-05-17 21:13:59,32,10,right,311,3,744.5,415.6,665.6,414.5,left,0,,2026-05-18 20:15:26
3,Toms Tourney,5,Mooncatchers,2026-05-17 21:13:59,32,10,right,312,4,665.6,414.5,54.8,261.0,left,0,,2026-05-18 20:15:28
3,Toms Tourney,5,Mooncatchers,2026-05-17 21:13:59,33,11,right,313,1,843.2,334.4,753.3,212.7,left,0,,2026-05-18 20:16:00
3,Toms Tourney,5,Mooncatchers,2026-05-17 21:13:59,33,11,right,314,2,753.3,212.7,702.9,205.0,left,0,,2026-05-18 20:16:07
3,Toms Tourney,5,Mooncatchers,2026-05-17 21:13:59,33,11,right,315,3,702.9,205.0,595.4,103.1,left,0,,2026-05-18 20:16:08
3,Toms Tourney,5,Mooncatchers,2026-05-17 21:13:59,33,11,right,316,4,595.4,103.1,379.4,54.8,left,0,,2026-05-18 20:16:11
3,Toms Tourney,5,Mooncatchers,2026-05-17 21:13:59,33,11,right,317,5,379.4,54.8,298.2,51.5,left,0,,2026-05-18 20:16:32
3,Toms Tourney,5,Mooncatchers,2026-05-17 21:13:59,33,11,right,318,6,298.2,51.5,185.3,46.1,left,0,,2026-05-18 20:16:42
3,Toms Tourney,5,Mooncatchers,2026-05-17 21:13:59,33,11,right,319,7,185.3,46.1,82.2,77.9,left,0,,2026-05-18 20:17:21
3,Toms Tourney,5,Mooncatchers,2026-05-17 21:13:59,37,12,right,320,1,212.7,73.5,336.6,38.4,right,0,,2026-05-18 20:19:28
3,Toms Tourney,5,Mooncatchers,2026-05-17 21:13:59,37,12,right,321,2,336.6,38.4,309.2,137.1,right,0,,2026-05-18 20:19:34
3,Toms Tourney,5,Mooncatchers,2026-05-17 21:13:59,37,12,right,322,3,309.2,137.1,292.8,309.2,right,0,,2026-05-18 20:19:37
3,Toms Tourney,5,Mooncatchers,2026-05-17 21:13:59,37,12,right,323,4,292.8,309.2,407.9,422.2,right,0,,2026-05-18 20:19:42
3,Toms Tourney,5,Mooncatchers,2026-05-17 21:13:59,37,12,right,325,5,407.9,422.2,561.4,417.8,right,1,Nechyt špatného hodu (mechanický zához),2026-05-18 20:20:00
3,Toms Tourney,6,Grut,2026-05-18 20:22:09,38,1,left,327,1,896.9,17.5,938.6,140.4,left,0,,2026-05-18 20:22:55
3,Toms Tourney,6,Grut,2026-05-18 20:22:09,38,1,left,328,2,938.6,140.4,883.8,26.3,left,0,,2026-05-18 20:23:03
3,Toms Tourney,6,Grut,2026-05-18 20:22:09,38,1,left,329,3,883.8,26.3,830.0,121.7,left,0,,2026-05-18 20:23:05
3,Toms Tourney,6,Grut,2026-05-18 20:22:09,38,1,left,330,4,830.0,121.7,815.8,288.4,left,0,,2026-05-18 20:23:12
3,Toms Tourney,6,Grut,2026-05-18 20:22:09,38,1,left,331,5,815.8,288.4,767.5,389.3,left,0,,2026-05-18 20:23:13
3,Toms Tourney,6,Grut,2026-05-18 20:22:09,38,1,left,332,6,767.5,389.3,654.6,392.5,left,0,,2026-05-18 20:23:38
3,Toms Tourney,6,Grut,2026-05-18 20:22:09,38,1,left,334,7,654.6,392.5,218.2,434.2,left,1,Zahozená dlouhá,2026-05-18 20:23:46
3,Toms Tourney,6,Grut,2026-05-18 20:22:09,38,1,left,335,8,525.2,268.6,565.8,152.4,left,0,,2026-05-18 20:26:08
3,Toms Tourney,6,Grut,2026-05-18 20:22:09,38,1,left,337,9,565.8,152.4,406.8,119.5,left,0,,2026-05-18 20:26:22
3,Toms Tourney,6,Grut,2026-05-18 20:22:09,38,1,left,338,10,406.8,119.5,358.6,183.1,left,0,,2026-05-18 20:26:28
3,Toms Tourney,6,Grut,2026-05-18 20:22:09,38,1,left,339,11,358.6,183.1,301.5,326.8,left,0,,2026-05-18 20:26:31
3,Toms Tourney,6,Grut,2026-05-18 20:22:09,38,1,left,341,12,301.5,326.8,61.4,402.4,left,1,Mechanický zához na volného člověka,2026-05-18 20:26:49
3,Toms Tourney,6,Grut,2026-05-18 20:22:09,38,1,left,343,13,289.5,392.5,280.7,138.2,left,0,,2026-05-18 20:37:57
3,Toms Tourney,6,Grut,2026-05-18 20:22:09,38,1,left,346,14,280.7,138.2,241.2,50.4,left,0,,2026-05-18 20:38:09
3,Toms Tourney,6,Grut,2026-05-18 20:22:09,38,1,left,347,15,241.2,50.4,118.4,35.1,left,0,,2026-05-18 20:38:10
3,Toms Tourney,6,Grut,2026-05-18 20:22:09,39,2,right,348,1,506.6,459.4,390.3,433.1,left,0,,2026-05-18 20:38:34
3,Toms Tourney,6,Grut,2026-05-18 20:22:09,39,2,right,349,2,390.3,433.1,326.8,411.2,left,0,,2026-05-18 20:38:39
3,Toms Tourney,6,Grut,2026-05-18 20:22:09,39,2,right,350,3,326.8,411.2,201.8,414.5,left,0,,2026-05-18 20:39:05
3,Toms Tourney,6,Grut,2026-05-18 20:22:09,39,2,right,351,4,201.8,414.5,75.7,424.3,left,0,,2026-05-18 20:39:11
3,Toms Tourney,6,Grut,2026-05-18 20:22:09,40,3,right,352,1,611.8,13.2,481.4,18.6,left,0,,2026-05-18 20:39:41
3,Toms Tourney,6,Grut,2026-05-18 20:22:09,40,3,right,353,2,481.4,18.6,523.0,12.1,left,0,,2026-05-18 20:39:51
3,Toms Tourney,6,Grut,2026-05-18 20:22:09,40,3,right,354,3,523.0,12.1,615.1,117.3,left,0,,2026-05-18 20:39:53
3,Toms Tourney,6,Grut,2026-05-18 20:22:09,40,3,right,355,4,615.1,117.3,447.4,25.2,left,0,,2026-05-18 20:39:55
3,Toms Tourney,6,Grut,2026-05-18 20:22:09,40,3,right,356,5,447.4,25.2,563.6,134.9,left,0,,2026-05-18 20:39:58
3,Toms Tourney,6,Grut,2026-05-18 20:22:09,40,3,right,357,6,563.6,134.9,557.0,247.8,left,0,,2026-05-18 20:39:59
3,Toms Tourney,6,Grut,2026-05-18 20:22:09,40,3,right,358,7,557.0,247.8,585.5,164.5,left,0,,2026-05-18 20:40:13
3,Toms Tourney,6,Grut,2026-05-18 20:22:09,40,3,right,359,8,585.5,164.5,536.2,100.9,left,0,,2026-05-18 20:40:26
3,Toms Tourney,6,Grut,2026-05-18 20:22:09,40,3,right,360,9,534.0,99.8,380.5,45.0,left,0,,2026-05-18 20:40:41
3,Toms Tourney,6,Grut,2026-05-18 20:22:09,40,3,right,361,10,380.5,45.0,267.5,42.8,left,0,,2026-05-18 22:19:20
3,Toms Tourney,6,Grut,2026-05-18 20:22:09,40,3,right,362,11,267.5,42.8,123.9,38.4,left,0,,2026-05-18 22:19:21
3,Toms Tourney,6,Grut,2026-05-18 20:22:09,41,4,right,363,1,937.5,280.7,823.5,112.9,left,0,,2026-05-19 06:32:56
3,Toms Tourney,6,Grut,2026-05-18 20:22:09,41,4,right,364,2,823.5,112.9,659.0,21.9,left,0,,2026-05-19 06:33:02
3,Toms Tourney,6,Grut,2026-05-18 20:22:09,41,4,right,365,3,659.0,21.9,512.1,13.2,left,0,,2026-05-19 06:33:04
3,Toms Tourney,6,Grut,2026-05-18 20:22:09,41,4,right,366,4,512.1,13.2,584.4,126.1,left,0,,2026-05-19 06:33:12
3,Toms Tourney,6,Grut,2026-05-18 20:22:09,41,4,right,367,5,584.4,126.1,622.8,228.1,left,1,mechanický zához,2026-05-19 06:33:22
3,Toms Tourney,6,Grut,2026-05-18 20:22:09,41,4,right,368,6,802.6,6.6,876.1,164.5,left,0,,2026-05-19 06:33:46
3,Toms Tourney,6,Grut,2026-05-18 20:22:09,41,4,right,369,7,876.1,164.5,789.5,289.5,left,0,,2026-05-19 06:33:58
3,Toms Tourney,6,Grut,2026-05-18 20:22:09,41,4,right,370,8,789.5,289.5,670.0,248.9,left,0,,2026-05-19 06:34:19
3,Toms Tourney,6,Grut,2026-05-18 20:22:09,41,4,right,371,9,670.0,248.9,602.0,329.0,left,0,,2026-05-19 06:34:23
3,Toms Tourney,6,Grut,2026-05-18 20:22:09,41,4,right,372,10,602.0,329.0,479.2,360.7,left,0,,2026-05-19 06:34:25
3,Toms Tourney,6,Grut,2026-05-18 20:22:09,41,4,right,373,11,479.2,360.7,641.4,334.4,left,0,,2026-05-19 06:34:35
3,Toms Tourney,6,Grut,2026-05-18 20:22:09,41,4,right,374,12,641.4,334.4,515.4,115.1,left,0,,2026-05-19 06:34:39
3,Toms Tourney,6,Grut,2026-05-18 20:22:09,41,4,right,375,13,515.4,115.1,443.0,187.5,left,0,,2026-05-19 06:34:43
3,Toms Tourney,6,Grut,2026-05-18 20:22:09,41,4,right,376,14,443.0,187.5,355.3,218.2,left,0,,2026-05-19 06:34:49
3,Toms Tourney,6,Grut,2026-05-18 20:22:09,41,4,right,377,15,355.3,218.2,321.3,290.6,left,0,,2026-05-19 06:34:50
3,Toms Tourney,6,Grut,2026-05-18 20:22:09,41,4,right,378,16,321.3,290.6,232.5,347.6,left,0,,2026-05-19 06:35:44
3,Toms Tourney,6,Grut,2026-05-18 20:22:09,41,4,right,379,17,232.5,347.6,77.8,25.2,left,0,,2026-05-19 06:35:45
3,Toms Tourney,6,Grut,2026-05-18 20:22:09,42,5,right,380,1,855.3,75.7,821.3,232.5,left,0,,2026-05-19 06:36:23
3,Toms Tourney,6,Grut,2026-05-18 20:22:09,42,5,right,381,2,821.3,232.5,778.5,393.6,left,0,,2026-05-19 06:36:28
3,Toms Tourney,6,Grut,2026-05-18 20:22:09,42,5,right,383,3,778.5,393.6,129.4,75.7,left,1,"Dlouhá, co nebyla vyskaována/visela",2026-05-19 06:36:46
3,Toms Tourney,6,Grut,2026-05-18 20:22:09,43,6,right,384,1,333.3,229.2,328.9,89.9,right,0,,2026-05-19 06:37:44
3,Toms Tourney,6,Grut,2026-05-18 20:22:09,43,6,right,385,2,328.9,89.9,389.3,21.9,right,0,,2026-05-19 06:37:53
3,Toms Tourney,6,Grut,2026-05-18 20:22:09,43,6,right,386,3,389.3,21.9,307.0,150.2,right,0,,2026-05-19 06:37:59
3,Toms Tourney,6,Grut,2026-05-18 20:22:09,43,6,right,387,4,307.0,150.2,324.6,455.0,right,0,,2026-05-19 06:38:02
3,Toms Tourney,6,Grut,2026-05-18 20:22:09,43,6,right,388,5,324.6,455.0,324.6,167.8,right,0,,2026-05-19 06:38:10
3,Toms Tourney,6,Grut,2026-05-18 20:22:09,43,6,right,389,6,324.6,167.8,381.6,327.9,right,0,,2026-05-19 06:38:30
3,Toms Tourney,6,Grut,2026-05-18 20:22:09,43,6,right,390,7,381.6,327.9,391.4,155.7,right,0,,2026-05-19 06:38:34
3,Toms Tourney,6,Grut,2026-05-18 20:22:09,43,6,right,391,8,391.4,155.7,557.0,23.0,right,0,,2026-05-19 06:38:37
3,Toms Tourney,6,Grut,2026-05-18 20:22:09,43,6,right,392,9,557.0,23.0,668.9,30.7,right,0,,2026-05-19 06:38:43
3,Toms Tourney,6,Grut,2026-05-18 20:22:09,43,6,right,394,10,668.9,30.7,571.9,36.2,right,0,,2026-05-19 06:38:50
3,Toms Tourney,6,Grut,2026-05-18 20:22:09,43,6,right,395,11,571.9,36.2,646.5,92.1,right,0,,2026-05-19 06:38:51
3,Toms Tourney,6,Grut,2026-05-18 20:22:09,43,6,right,396,12,646.5,92.1,714.5,21.9,right,0,,2026-05-19 06:38:55
3,Toms Tourney,6,Grut,2026-05-18 20:22:09,43,6,right,399,13,714.5,21.9,670.6,121.7,right,0,,2026-05-19 06:39:07
3,Toms Tourney,6,Grut,2026-05-18 20:22:09,43,6,right,400,14,670.6,121.7,718.9,262.1,right,0,,2026-05-19 06:39:10
3,Toms Tourney,6,Grut,2026-05-18 20:22:09,43,6,right,401,15,718.9,262.1,726.5,91.0,right,0,,2026-05-19 06:39:12
3,Toms Tourney,6,Grut,2026-05-18 20:22:09,43,6,right,402,16,726.5,91.0,942.5,11.0,right,0,,2026-05-19 06:39:18
3,Toms Tourney,6,Grut,2026-05-18 20:22:09,44,7,left,404,1,571.9,12.1,527.0,14.3,left,0,,2026-05-19 06:39:52
3,Toms Tourney,6,Grut,2026-05-18 20:22:09,44,7,left,405,2,527.0,14.3,397.6,364.0,left,0,,2026-05-19 06:39:56
3,Toms Tourney,6,Grut,2026-05-18 20:22:09,44,7,left,406,3,397.6,364.0,192.5,422.2,left,0,,2026-05-19 06:40:01
3,Toms Tourney,6,Grut,2026-05-18 20:22:09,44,7,left,407,4,192.5,422.2,138.8,390.4,left,0,,2026-05-19 06:41:10
3,Toms Tourney,6,Grut,2026-05-18 20:22:09,45,8,right,408,1,148.7,57.0,157.5,209.4,right,0,,2026-05-19 06:41:54
3,Toms Tourney,6,Grut,2026-05-18 20:22:09,45,8,right,409,2,157.5,209.4,180.5,55.9,right,0,,2026-05-19 06:41:56
3,Toms Tourney,6,Grut,2026-05-18 20:22:09,45,8,right,410,3,180.5,55.9,100.4,262.1,right,0,,2026-05-19 06:42:01
3,Toms Tourney,6,Grut,2026-05-18 20:22:09,45,8,right,411,4,100.4,262.1,166.2,394.7,right,0,,2026-05-19 06:42:04
3,Toms Tourney,6,Grut,2026-05-18 20:22:09,45,8,right,412,5,166.2,394.7,227.6,297.2,right,0,,2026-05-19 06:42:05
3,Toms Tourney,6,Grut,2026-05-18 20:22:09,45,8,right,413,6,227.6,297.2,191.4,125.0,right,0,,2026-05-19 06:42:15
3,Toms Tourney,6,Grut,2026-05-18 20:22:09,45,8,right,414,7,191.4,125.0,173.9,348.7,right,0,,2026-05-19 06:42:16
3,Toms Tourney,6,Grut,2026-05-18 20:22:09,45,8,right,415,8,173.9,348.7,196.9,444.1,right,0,,2026-05-19 06:42:20
3,Toms Tourney,6,Grut,2026-05-18 20:22:09,45,8,right,416,9,196.9,444.1,243.0,312.5,right,0,,2026-05-19 06:42:36
3,Toms Tourney,6,Grut,2026-05-18 20:22:09,45,8,right,417,10,243.0,312.5,209.0,262.1,right,0,,2026-05-19 06:43:17
3,Toms Tourney,6,Grut,2026-05-18 20:22:09,45,8,right,418,11,209.0,262.1,267.1,55.9,right,0,,2026-05-19 06:43:18
3,Toms Tourney,6,Grut,2026-05-18 20:22:09,45,8,right,419,12,267.1,55.9,245.2,200.7,right,0,,2026-05-19 06:43:20
3,Toms Tourney,6,Grut,2026-05-18 20:22:09,45,8,right,420,13,245.2,200.7,214.5,341.0,right,0,,2026-05-19 06:43:22
3,Toms Tourney,6,Grut,2026-05-18 20:22:09,45,8,right,421,14,214.5,341.0,182.7,279.6,right,0,,2026-05-19 06:43:31
3,Toms Tourney,6,Grut,2026-05-18 20:22:09,45,8,right,422,15,182.7,279.6,279.2,263.2,right,0,,2026-05-19 06:43:32
3,Toms Tourney,6,Grut,2026-05-18 20:22:09,45,8,right,423,16,279.2,263.2,281.4,224.8,right,0,,2026-05-19 06:43:44
3,Toms Tourney,6,Grut,2026-05-18 20:22:09,45,8,right,424,17,281.4,224.8,416.2,174.3,right,0,,2026-05-19 06:43:45
3,Toms Tourney,6,Grut,2026-05-18 20:22:09,45,8,right,425,18,416.2,174.3,403.1,242.3,right,0,,2026-05-19 06:43:46
3,Toms Tourney,6,Grut,2026-05-18 20:22:09,45,8,right,426,19,403.1,242.3,433.8,119.5,right,0,,2026-05-19 06:43:49
3,Toms Tourney,6,Grut,2026-05-18 20:22:09,45,8,right,427,20,433.8,119.5,384.4,253.3,right,0,,2026-05-19 06:43:54
3,Toms Tourney,6,Grut,2026-05-18 20:22:09,45,8,right,428,21,384.4,253.3,485.3,378.3,right,0,,2026-05-19 06:43:58
3,Toms Tourney,6,Grut,2026-05-18 20:22:09,45,8,right,429,22,485.3,378.3,766.0,424.3,right,0,,2026-05-19 06:44:16
3,Toms Tourney,6,Grut,2026-05-18 20:22:09,45,8,right,430,23,766.0,424.3,644.3,440.8,right,0,,2026-05-19 06:44:48
3,Toms Tourney,6,Grut,2026-05-18 20:22:09,45,8,right,431,24,644.3,440.8,622.4,321.3,right,0,,2026-05-19 06:45:02
3,Toms Tourney,6,Grut,2026-05-18 20:22:09,45,8,right,432,25,622.4,321.3,644.3,162.3,right,0,,2026-05-19 06:45:03
3,Toms Tourney,6,Grut,2026-05-18 20:22:09,45,8,right,434,26,644.3,162.3,672.8,107.5,right,1,misscom,2026-05-19 06:45:22
3,Toms Tourney,6,Grut,2026-05-18 20:22:09,46,9,left,438,1,868.0,184.4,763.8,426.8,left,0,,2026-05-19 06:46:44
3,Toms Tourney,6,Grut,2026-05-18 20:22:09,46,9,left,441,2,763.8,426.8,137.7,215.1,left,1,,2026-05-19 06:46:53
3,Toms Tourney,6,Grut,2026-05-18 20:22:09,47,10,right,442,1,146.9,106.4,298.2,191.9,right,0,,2026-05-19 06:49:32
3,Toms Tourney,6,Grut,2026-05-18 20:22:09,47,10,right,443,2,298.2,191.9,265.3,391.5,right,0,,2026-05-19 06:49:37
3,Toms Tourney,6,Grut,2026-05-18 20:22:09,47,10,right,444,3,265.3,391.5,420.0,402.4,right,0,,2026-05-19 06:49:44
3,Toms Tourney,6,Grut,2026-05-18 20:22:09,47,10,right,445,4,420.0,402.4,365.1,165.6,right,1,Nechycenej přísnej inside,2026-05-19 06:49:52
3,Toms Tourney,7,Iznogood,2026-05-19 11:00:10,48,1,right,447,1,17.5,228.1,157.9,164.5,right,0,,2026-05-19 11:00:29
3,Toms Tourney,7,Iznogood,2026-05-19 11:00:10,48,1,right,448,2,157.9,164.5,315.8,37.3,right,0,,2026-05-19 11:00:35
3,Toms Tourney,7,Iznogood,2026-05-19 11:00:10,48,1,right,449,3,315.8,37.3,458.3,19.8,right,0,,2026-05-19 11:00:53
3,Toms Tourney,7,Iznogood,2026-05-19 11:00:10,48,1,right,451,4,458.3,19.8,543.9,19.8,right,1,Obrana na upline,2026-05-19 11:02:37
3,Toms Tourney,7,Iznogood,2026-05-19 11:00:10,48,1,right,452,5,353.1,399.2,310.3,287.3,right,0,,2026-05-19 11:03:12
3,Toms Tourney,7,Iznogood,2026-05-19 11:00:10,48,1,right,454,6,310.3,287.3,297.1,153.5,right,0,,2026-05-19 11:03:27
3,Toms Tourney,7,Iznogood,2026-05-19 11:00:10,48,1,right,455,7,297.1,153.5,392.5,51.6,right,0,,2026-05-19 11:03:36
3,Toms Tourney,7,Iznogood,2026-05-19 11:00:10,48,1,right,457,8,392.5,51.6,958.3,24.1,right,0,,2026-05-19 11:03:47
3,Toms Tourney,7,Iznogood,2026-05-19 11:00:10,49,2,left,458,1,791.7,402.4,616.2,367.4,left,0,,2026-05-19 11:04:22
3,Toms Tourney,7,Iznogood,2026-05-19 11:00:10,49,2,left,459,2,616.2,367.4,577.9,210.6,left,0,,2026-05-19 11:04:27
3,Toms Tourney,7,Iznogood,2026-05-19 11:00:10,49,2,left,460,3,577.9,210.6,553.7,324.6,left,0,,2026-05-19 11:05:01
3,Toms Tourney,7,Iznogood,2026-05-19 11:00:10,49,2,left,461,4,553.7,324.6,527.4,424.4,left,0,,2026-05-19 11:05:07
3,Toms Tourney,7,Iznogood,2026-05-19 11:00:10,49,2,left,462,5,527.4,424.4,398.0,399.2,left,0,,2026-05-19 11:05:28
3,Toms Tourney,7,Iznogood,2026-05-19 11:00:10,49,2,left,463,6,398.0,399.2,322.4,338.8,left,0,,2026-05-19 11:05:40
3,Toms Tourney,7,Iznogood,2026-05-19 11:00:10,49,2,left,464,7,322.4,338.8,232.4,393.7,left,0,,2026-05-19 11:05:50
3,Toms Tourney,7,Iznogood,2026-05-19 11:00:10,49,2,left,465,8,232.4,393.7,116.2,381.6,left,0,,2026-05-19 11:05:50
3,Toms Tourney,7,Iznogood,2026-05-19 11:00:10,50,3,right,466,1,834.4,345.4,711.6,245.6,left,0,,2026-05-19 11:06:18
3,Toms Tourney,7,Iznogood,2026-05-19 11:00:10,50,3,right,467,2,711.6,245.6,576.8,403.5,left,0,,2026-05-19 11:06:28
3,Toms Tourney,7,Iznogood,2026-05-19 11:00:10,50,3,right,468,3,576.8,403.5,342.1,390.4,left,0,,2026-05-19 11:06:33
3,Toms Tourney,7,Iznogood,2026-05-19 11:00:10,50,3,right,469,4,342.1,390.4,433.1,206.2,left,0,,2026-05-19 11:06:40
3,Toms Tourney,7,Iznogood,2026-05-19 11:00:10,50,3,right,470,5,433.1,206.2,341.0,329.0,left,0,,2026-05-19 11:06:41
3,Toms Tourney,7,Iznogood,2026-05-19 11:00:10,50,3,right,471,6,341.0,329.0,386.0,116.2,left,0,,2026-05-19 11:06:44
3,Toms Tourney,7,Iznogood,2026-05-19 11:00:10,50,3,right,472,7,386.0,116.2,274.1,30.7,left,0,,2026-05-19 11:06:54
3,Toms Tourney,7,Iznogood,2026-05-19 11:00:10,50,3,right,473,8,274.1,30.7,336.6,49.4,left,0,,2026-05-19 11:07:07
3,Toms Tourney,7,Iznogood,2026-05-19 11:00:10,50,3,right,474,9,336.6,49.4,336.6,173.3,left,0,,2026-05-19 11:07:13
3,Toms Tourney,7,Iznogood,2026-05-19 11:00:10,50,3,right,475,10,336.6,173.3,270.8,250.0,left,0,,2026-05-19 11:07:23
3,Toms Tourney,7,Iznogood,2026-05-19 11:00:10,50,3,right,476,11,270.8,250.0,169.9,184.2,left,0,,2026-05-19 11:07:36
3,Toms Tourney,7,Iznogood,2026-05-19 11:00:10,50,3,right,477,12,169.9,184.2,146.9,286.2,left,0,,2026-05-19 11:07:46
3,Toms Tourney,7,Iznogood,2026-05-19 11:00:10,51,4,right,478,1,14.2,211.6,139.2,62.5,right,0,,2026-05-19 11:08:27
3,Toms Tourney,7,Iznogood,2026-05-19 11:00:10,51,4,right,479,2,139.2,62.5,267.5,24.1,right,0,,2026-05-19 11:08:33
3,Toms Tourney,7,Iznogood,2026-05-19 11:00:10,51,4,right,480,3,267.5,24.1,105.3,219.3,right,0,,2026-05-19 11:08:37
3,Toms Tourney,7,Iznogood,2026-05-19 11:00:10,51,4,right,481,4,105.3,219.3,172.1,133.8,right,0,,2026-05-19 11:08:40
3,Toms Tourney,7,Iznogood,2026-05-19 11:00:10,51,4,right,482,5,172.1,133.8,206.1,199.6,right,0,,2026-05-19 11:08:41
3,Toms Tourney,7,Iznogood,2026-05-19 11:00:10,51,4,right,483,6,206.1,199.6,236.8,72.4,right,0,,2026-05-19 11:08:44
3,Toms Tourney,7,Iznogood,2026-05-19 11:00:10,51,4,right,484,7,236.8,72.4,143.6,117.3,right,0,,2026-05-19 11:08:52
3,Toms Tourney,7,Iznogood,2026-05-19 11:00:10,51,4,right,485,8,143.6,117.3,174.3,251.1,right,0,,2026-05-19 11:08:58
3,Toms Tourney,7,Iznogood,2026-05-19 11:00:10,51,4,right,486,9,174.3,251.1,227.0,371.7,right,1,Obrana z poache,2026-05-19 11:09:22
3,Toms Tourney,7,Iznogood,2026-05-19 11:00:10,52,5,left,487,1,870.6,302.7,803.7,125.0,left,0,,2026-05-19 11:09:49
3,Toms Tourney,7,Iznogood,2026-05-19 11:00:10,52,5,left,488,2,803.7,125.0,743.4,379.4,left,0,,2026-05-19 11:10:00
3,Toms Tourney,7,Iznogood,2026-05-19 11:00:10,52,5,left,489,3,743.4,379.4,498.9,231.4,left,1,Mechanický zához (asi?),2026-05-19 11:10:29
3,Toms Tourney,7,Iznogood,2026-05-19 11:00:10,53,6,right,490,1,855.3,113.0,815.8,285.1,left,0,,2026-05-19 11:11:27
3,Toms Tourney,7,Iznogood,2026-05-19 11:00:10,53,6,right,491,2,815.8,285.1,698.5,415.6,left,0,,2026-05-19 11:11:30
3,Toms Tourney,7,Iznogood,2026-05-19 11:00:10,53,6,right,492,3,698.5,415.6,555.9,267.6,left,0,,2026-05-19 11:11:33
3,Toms Tourney,7,Iznogood,2026-05-19 11:00:10,53,6,right,493,4,555.9,267.6,549.3,149.1,left,0,,2026-05-19 11:11:35
3,Toms Tourney,7,Iznogood,2026-05-19 11:00:10,53,6,right,494,5,549.3,149.1,547.2,23.0,left,0,,2026-05-19 11:11:51
3,Toms Tourney,7,Iznogood,2026-05-19 11:00:10,53,6,right,495,6,547.2,23.0,625.0,108.6,left,0,,2026-05-19 11:11:58
3,Toms Tourney,7,Iznogood,2026-05-19 11:00:10,53,6,right,496,7,625.0,108.6,468.2,27.4,left,0,,2026-05-19 11:12:02
3,Toms Tourney,7,Iznogood,2026-05-19 11:00:10,53,6,right,497,8,468.2,27.4,314.7,17.6,left,0,,2026-05-19 11:12:10
3,Toms Tourney,7,Iznogood,2026-05-19 11:00:10,53,6,right,498,9,314.7,17.6,148.0,18.7,left,0,,2026-05-19 11:12:23
3,Toms Tourney,7,Iznogood,2026-05-19 11:00:10,54,7,right,500,1,859.7,129.4,788.4,223.7,left,0,,2026-05-19 11:12:50
3,Toms Tourney,7,Iznogood,2026-05-19 11:00:10,54,7,right,501,2,788.4,223.7,686.4,47.2,left,0,,2026-05-19 11:12:53
3,Toms Tourney,7,Iznogood,2026-05-19 11:00:10,54,7,right,502,3,686.4,47.2,752.2,246.7,left,0,,2026-05-19 11:12:59
3,Toms Tourney,7,Iznogood,2026-05-19 11:00:10,54,7,right,504,4,752.2,246.7,501.1,6.6,left,1,mechanický zához,2026-05-19 11:13:46
3,Toms Tourney,7,Iznogood,2026-05-19 11:00:10,55,8,right,506,1,100.9,275.2,172.1,93.2,right,0,,2026-05-19 11:16:18
3,Toms Tourney,7,Iznogood,2026-05-19 11:00:10,55,8,right,507,2,172.1,93.2,188.6,310.3,right,0,,2026-05-19 11:16:19
3,Toms Tourney,7,Iznogood,2026-05-19 11:00:10,55,8,right,508,3,188.6,310.3,427.6,387.1,right,1,Obrana na incut,2026-05-19 11:16:21
3,Toms Tourney,7,Iznogood,2026-05-19 11:00:10,56,9,left,509,1,779.6,213.8,618.4,35.1,left,0,,2026-05-19 11:17:38
3,Toms Tourney,7,Iznogood,2026-05-19 11:00:10,56,9,left,510,2,618.4,35.1,487.9,333.4,left,1,mechanický zához na inside na volného,2026-05-19 11:18:01
3,Toms Tourney,7,Iznogood,2026-05-19 11:00:10,57,10,right,511,1,878.3,277.4,765.4,161.2,left,0,,2026-05-19 11:20:45
3,Toms Tourney,7,Iznogood,2026-05-19 11:00:10,57,10,right,512,2,765.4,161.2,766.5,46.1,left,0,,2026-05-19 11:20:59
3,Toms Tourney,7,Iznogood,2026-05-19 11:00:10,57,10,right,513,3,765.4,41.7,634.9,20.9,left,0,,2026-05-19 11:21:05
3,Toms Tourney,7,Iznogood,2026-05-19 11:00:10,57,10,right,514,4,633.8,21.9,548.2,24.1,left,0,,2026-05-19 11:21:05
3,Toms Tourney,7,Iznogood,2026-05-19 11:00:10,57,10,right,518,5,552.6,24.1,99.8,38.4,left,1,nevyhraná dlouhá,2026-05-19 11:21:57
3,Toms Tourney,7,Iznogood,2026-05-19 11:00:10,57,10,right,519,6,777.4,275.2,788.4,137.1,left,0,,2026-05-19 11:22:17
3,Toms Tourney,7,Iznogood,2026-05-19 11:00:10,57,10,right,520,7,788.4,137.1,798.3,332.3,left,0,,2026-05-19 11:22:24
3,Toms Tourney,7,Iznogood,2026-05-19 11:00:10,57,10,right,521,8,798.3,332.3,694.1,333.4,left,0,,2026-05-19 11:22:25
3,Toms Tourney,7,Iznogood,2026-05-19 11:00:10,57,10,right,522,9,694.1,333.4,546.1,334.5,left,0,,2026-05-19 11:22:28
3,Toms Tourney,7,Iznogood,2026-05-19 11:00:10,57,10,right,523,10,546.1,334.5,634.9,279.6,left,0,,2026-05-19 11:22:32
3,Toms Tourney,7,Iznogood,2026-05-19 11:00:10,57,10,right,524,11,634.9,279.6,320.2,321.3,left,0,,2026-05-19 11:22:34
3,Toms Tourney,7,Iznogood,2026-05-19 11:00:10,57,10,right,525,12,320.2,321.3,366.2,129.4,left,0,,2026-05-19 11:22:39
3,Toms Tourney,7,Iznogood,2026-05-19 11:00:10,57,10,right,526,13,359.6,126.1,298.2,58.1,left,0,,2026-05-19 11:22:41
3,Toms Tourney,7,Iznogood,2026-05-19 11:00:10,57,10,right,527,14,294.9,61.4,153.5,53.7,left,0,,2026-05-19 11:22:45
